name;surname;cell_no;landline;email;comm_channel;address;region;gender;reg_date;created_by_id
Nila  ;Wilford  ;(+27) 73 390 6219;(021) 446-4314;madler@yahoo.ca;call;"{ ""street_no"":229, ""street_name"":""milner road"", ""suburb"":""claremont"", ""postal_code"":7735, ""city"":""cape town"" }";Northen Cape;Trans-Man;2018-08-19 08:35:11.058574;10
Jamie  ;Fumiko  ;(+27) 73 364 5910;(021) 552-0960;lamky@hotmail.com;call;"{ ""street_no"":229, ""street_name"":""milner road"", ""suburb"":""claremont"", ""postal_code"":7735, ""city"":""cape town"" }";Kwazulu Natal;Trans-Woman;2018-08-19 08:35:11.062009;10
Cindy  ;Argentina  ;(+27) 73 378 0572;(021) 737-1244;haddawy@optonline.net;call;"{ ""street_no"":229, ""street_name"":""milner road"", ""suburb"":""claremont"", ""postal_code"":7735, ""city"":""cape town"" }";Free State;Female;2018-08-19 08:35:11.062019;10
Trenton  ;Cherri  ;(+27) 73 504 4123;(021) 423-0711;ajlitt@sbcglobal.net;email;"{ ""street_no"":229, ""street_name"":""milner road"", ""suburb"":""claremont"", ""postal_code"":7735, ""city"":""cape town"" }";Limpopo;Male;2018-08-19 08:35:11.062025;10
Lanora  ;Joie  ;(+27) 73 608 8213;(021) 513-6597;madanm@me.com;call;"{ ""street_no"":229, ""street_name"":""milner road"", ""suburb"":""claremont"", ""postal_code"":7735, ""city"":""cape town"" }";Western Cape;Trans-Woman;2018-08-19 08:35:11.062031;10
Florrie  ;Leland  ;(+27) 73 889 1315;(021) 603-2808;sriha@aol.com;call;"{ ""street_no"":229, ""street_name"":""milner road"", ""suburb"":""claremont"", ""postal_code"":7735, ""city"":""cape town"" }";Northen Cape;Female;2018-08-19 08:35:11.062037;10
Dora  ;Waneta  ;(+27) 73 652 2064;(021) 337-0467;torgox@me.com;call;"{ ""street_no"":229, ""street_name"":""milner road"", ""suburb"":""claremont"", ""postal_code"":7735, ""city"":""cape town"" }";Eastern Cape;Trans-Woman;2018-08-19 08:35:11.062043;10
Patience  ;Norma  ;(+27) 73 406 9220;(021) 405-0652;wkrebs@hotmail.com;email;"{ ""street_no"":229, ""street_name"":""milner road"", ""suburb"":""claremont"", ""postal_code"":7735, ""city"":""cape town"" }";Eastern Cape;Trans-Man;2018-08-19 08:35:11.062049;10
Marva  ;Sharonda  ;(+27) 73 383 3479;(021) 226-0109;mcnihil@hotmail.com;call;"{ ""street_no"":229, ""street_name"":""milner road"", ""suburb"":""claremont"", ""postal_code"":7735, ""city"":""cape town"" }";Mpumalanga;Trans-Woman;2018-08-19 08:35:11.062055;10
King  ;Janyce  ;(+27) 73 229 6108;(021) 591-4311;yruan@hotmail.com;WhatsApp;"{ ""street_no"":229, ""street_name"":""milner road"", ""suburb"":""claremont"", ""postal_code"":7735, ""city"":""cape town"" }";Gauteng;Female;2018-08-19 08:35:11.062061;10
Irina  ;Jenae  ;(+27) 73 607 2050;(021) 469-6954;aprakash@live.com;call;"{ ""street_no"":229, ""street_name"":""milner road"", ""suburb"":""claremont"", ""postal_code"":7735, ""city"":""cape town"" }";Kwazulu Natal;Gay;2018-08-19 08:35:11.062067;10
Trang  ;Eveline  ;(+27) 73 239 0593;(021) 853-9950;kdawson@att.net;call;"{ ""street_no"":229, ""street_name"":""milner road"", ""suburb"":""claremont"", ""postal_code"":7735, ""city"":""cape town"" }";Gauteng;Trans-Woman;2018-08-19 08:35:11.062073;10
Alta  ;Jeffie  ;(+27) 73 402 1243;(021) 371-6709;ghost@icloud.com;email;"{ ""street_no"":229, ""street_name"":""milner road"", ""suburb"":""claremont"", ""postal_code"":7735, ""city"":""cape town"" }";Limpopo;Trans-Woman;2018-08-19 08:35:11.062079;10
Waylon  ;Jovan  ;(+27) 73 559 7669;(021) 896-8182;eidac@optonline.net;WhatsApp;"{ ""street_no"":229, ""street_name"":""milner road"", ""suburb"":""claremont"", ""postal_code"":7735, ""city"":""cape town"" }";North West;Female;2018-08-19 08:35:11.062085;10
Nikia  ;Calista  ;(+27) 73 680 8597;(021) 932-2493;fviegas@outlook.com;call;"{ ""street_no"":229, ""street_name"":""milner road"", ""suburb"":""claremont"", ""postal_code"":7735, ""city"":""cape town"" }";Kwazulu Natal;Gay;2018-08-19 08:35:11.062091;10
Matilde  ;Georgette  ;(+27) 73 901 1142;(021) 439-4530;smallpaul@outlook.com;call;"{ ""street_no"":229, ""street_name"":""milner road"", ""suburb"":""claremont"", ""postal_code"":7735, ""city"":""cape town"" }";Gauteng;Trans-Woman;2018-08-19 08:35:11.062097;10
Mechelle  ;Julene  ;(+27) 73 863 4035;(021) 543-8243;dmiller@me.com;WhatsApp;"{ ""street_no"":229, ""street_name"":""milner road"", ""suburb"":""claremont"", ""postal_code"":7735, ""city"":""cape town"" }";Gauteng;Female;2018-08-19 08:35:11.062103;10
Earlie  ;Latashia  ;(+27) 73 953 7416;(021) 777-0075;webinc@outlook.com;call;"{ ""street_no"":229, ""street_name"":""milner road"", ""suburb"":""claremont"", ""postal_code"":7735, ""city"":""cape town"" }";Limpopo;Gay;2018-08-19 08:35:11.062109;10
Venessa  ;Shirlee  ;(+27) 73 580 2297;(021) 521-9463;pgottsch@att.net;email;"{ ""street_no"":229, ""street_name"":""milner road"", ""suburb"":""claremont"", ""postal_code"":7735, ""city"":""cape town"" }";Mpumalanga;Gay;2018-08-19 08:35:11.062115;10
Marlys  ;Ouida  ;(+27) 73 286 9213;(021) 992-9806;osaru@optonline.net;email;"{ ""street_no"":229, ""street_name"":""milner road"", ""suburb"":""claremont"", ""postal_code"":7735, ""city"":""cape town"" }";Limpopo;Male;2018-08-19 08:35:11.062121;10
Rolf  ;Damion  ;(+27) 73 343 5842;(021) 698-9844;isotopian@msn.com;email;"{ ""street_no"":229, ""street_name"":""milner road"", ""suburb"":""claremont"", ""postal_code"":7735, ""city"":""cape town"" }";Northen Cape;Lesbian;2018-08-19 08:35:11.062129;10
Kendall  ;Merlyn  ;(+27) 73 301 3523;(021) 335-2367;jamuir@gmail.com;call;"{ ""street_no"":229, ""street_name"":""milner road"", ""suburb"":""claremont"", ""postal_code"":7735, ""city"":""cape town"" }";Eastern Cape;Lesbian;2018-08-19 08:35:11.062135;10
Minerva  ;Tashina  ;(+27) 73 512 7402;(021) 530-0081;jusdisgi@icloud.com;WhatsApp;"{ ""street_no"":229, ""street_name"":""milner road"", ""suburb"":""claremont"", ""postal_code"":7735, ""city"":""cape town"" }";Kwazulu Natal;Gay;2018-08-19 08:35:11.062141;10
Shelton  ;Brandi  ;(+27) 73 478 2773;(021) 597-0361;improv@mac.com;WhatsApp;"{ ""street_no"":229, ""street_name"":""milner road"", ""suburb"":""claremont"", ""postal_code"":7735, ""city"":""cape town"" }";Free State;Lesbian;2018-08-19 08:35:11.062147;10
Kena  ;Jeannine  ;(+27) 73 515 1331;(021) 293-5626;jschauma@live.com;email;"{ ""street_no"":229, ""street_name"":""milner road"", ""suburb"":""claremont"", ""postal_code"":7735, ""city"":""cape town"" }";Eastern Cape;Lesbian;2018-08-19 08:35:11.062152;10
Rodrick  ;Brunilda  ;(+27) 73 310 4826;(021) 917-4723;denism@icloud.com;WhatsApp;"{ ""street_no"":229, ""street_name"":""milner road"", ""suburb"":""claremont"", ""postal_code"":7735, ""city"":""cape town"" }";Free State;Lesbian;2018-08-19 08:35:11.062158;10
Billy  ;Lillie  ;(+27) 73 265 3509;(021) 717-4064;lpalmer@sbcglobal.net;WhatsApp;"{ ""street_no"":229, ""street_name"":""milner road"", ""suburb"":""claremont"", ""postal_code"":7735, ""city"":""cape town"" }";Gauteng;Gay;2018-08-19 08:35:11.062164;10
Kathie  ;Morris  ;(+27) 73 992 0412;(021) 644-5610;jbearp@att.net;call;"{ ""street_no"":229, ""street_name"":""milner road"", ""suburb"":""claremont"", ""postal_code"":7735, ""city"":""cape town"" }";Limpopo;Trans-Woman;2018-08-19 08:35:11.062172;10
Mavis  ;Shon  ;(+27) 73 732 4227;(021) 752-0666;keiji@icloud.com;email;"{ ""street_no"":229, ""street_name"":""milner road"", ""suburb"":""claremont"", ""postal_code"":7735, ""city"":""cape town"" }";Free State;Lesbian;2018-08-19 08:35:11.062182;10
Ardith  ;Bettie  ;(+27) 73 709 5575;(021) 716-9174;heidrich@msn.com;call;"{ ""street_no"":229, ""street_name"":""milner road"", ""suburb"":""claremont"", ""postal_code"":7735, ""city"":""cape town"" }";Northen Cape;Female;2018-08-19 08:35:11.062192;10